2088;2001252;EAST LOOE ;PL13_1DS;-4.4542853;50.3558853;DSP
2092;2001254;READING ;RG1_2AH;-0.970269;51.4543542;DSP
6161;2000000;Newark Northgate;NG24_1GA;-0.8032157000000001;53.0843271;DSP
0021;2000002;Bingham Eaton Place;NG13_8BD;-0.9527519000000001;52.9524707;DSP
5352;2001452;HARLOW ;CM18_6NS;0.1137577;51.75771229999999;DSP
166;2000626;HAVERHILL ;CB9_8AD;0.4402684;52.08273089999999;DSP
1244;2001003;THORNTON-CLEVELEYS ;FY5_1BS;-3.0434125;53.87820139999999;DSP
167;2000627;ST. IVES ;PE27_5AH;-0.0707458;52.3235778;DSP
74;2000128;Hinckley Britannia Ctr ;LE10_1RU;-1.3711726;52.5426348;DSP
162;2000130;Stone High St ;ST15_8AW_;-2.1459234;52.9024484;DSP
256;2000131;Redditch Kingfisher Sc ;B97_4EY;-1.9425741;52.3065764;DSP
285;2000132;Aberdare Commercial Street;CF44_7RW;-3.4422074;51.7146094;DSP
328;2000133;Pembroke Dock Dimond Street;SA72_6AH;-4.9417898;51.6940511;DSP
341;2000134;Treorchy High Street;CF42_6AT;-3.5048448;51.65970799999999;DSP
366;2000136;Newtown High Street;SY16_2NU_;-3.3158624;52.5150851;DSP
380;2000137;Rhyl High Street;LL18_1EN_;-3.4906045;53.3222823;DSP
421;2000138;Mold 19-21 High Street;CH7_1AZ_;-3.141078;53.1673747;DSP
443;2000139;Llandudno Victoria Centre;LL30_2NG;-3.8287728;53.3234613;DSP
451;2000140;Chepstow High Street;NP16_5LQ_;-2.6741634;51.6418139;DSP
455;2000141;Llandrindod Wells Station Crescent;LD1_5BB;-3.3785411;52.2430495;DSP
458;2000142;Aberaeron Bridge Street;SA46_0AP_;-4.2582179;52.2426959;DSP
468;2000144;Tonypandy Dunraven Street;CF40_1AS;-3.4540369;51.621985;DSP
617;2000145;Airdrie 19 Graham St ;ML6_6DD_;-3.9776769;55.8670949;DSP
728;2000147;London Poplar ;E14_6BT_;-0.0141715;51.5119457;DSP
786;2000149;London Holloway Rd ;N7_6QA_;-0.1173293;51.5577244;DSP
836;2000150;Bromley The Glades Sc ;BR_1HD;null;null;DSP
853;2000151;London Wimbledon Ctr Ct Sc ;SW19_8YE_;-0.2045468;51.4218565;DSP
1019;2000153;Romsey The Hundred ;SO51_8GD_;-1.4974746;50.9891622;DSP
1023;2000154;Fareham Westbury Mall ;PO16_0PE_;-1.1777078;50.8533256;DSP
1038;2000155;Slough High St ;SL1_1JR_;-0.5906935999999999;51.508508;DSP
1001;2000156;Isle of Wight Ryde High St ;PO33_2HW;-1.1627008;50.7290419;DSP
1076;2000157;South Ockendon Derwent Pde ;RM15_5EF;0.2835769;51.5103806;DSP
1112;2000158;Manchester Longsight ;M13_0RQ_;-2.1990014;53.4561767;DSP
1113;2000159;Formby Chapel Ln ;L37_4DL;-3.0608392;53.55735199999999;DSP
1144;2000160;Oldham Chadderton ;OL9_0LQ;-2.1398227;53.5464997;DSP
1147;2000162;Skelmersdale ;WN8_6ND_;-2.7724257;53.5509297;DSP
1150;2000163;Liverpool Clayton Sq Sc ;L1_1QR;-2.9802083;53.4057616;DSP
1188;2000164;Manchester Middleton Sc ;M24_4EL;-2.1990701;53.5490601;DSP
1223;2000165;Wigan Leigh ;WN7_4NB;-2.5161543;53.4968739;DSP
1227;2000166;Manchester Atherton ;M46_0DP;-2.4939789;53.52386190000001;DSP
1236;2000167;Liverpool Crosby ;L23_5SF;-3.0256052;53.4925992;DSP
1251;2000168;Stockport Edgeley ;SK3_9AL_;-2.1676631;53.40185169999999;DSP
1255;2000169;Droylsden Queens Walk ;M43_7AD;-2.1459859;53.4807712;DSP
1317;2000170;Petersfield Swan Surgery ;GU32_3AB;-0.9419092;51.00473390000001;DSP
1322;2000171;Thatcham Hc ;RG18_3HD;-1.261763;51.4044685;DSP
630;2000174;Greenock Hamilton Way ;PA15_1RQ_;-4.7592565;55.9491331;DSP
642;2000175;Montrose High St ;DD10_8QZ_;-2.4670987;56.7121912;DSP
1333;2000176;Derby Chaddesden Derw Pk Hc ;DE21_6AT;-1.4568743;52.9275057;DSP
1352;2000177;Runcorn Hallwood Hc ;WA7_2UT;-2.6953674;53.3262188;DSP
1420;2000178;Carshalton Middleton Rd ;SM5_1HA_;-0.1755607;51.3851583;DSP
1813;2000179;Harlow Broad Walk ;CM20_1JA_;0.0944093;51.7701157;DSP
1817;2000180;Romford Farnham Rd ;RM3_8DX_;0.219053;51.606824;DSP
1862;2000181;Selsey High St ;PO20_0QB;-0.7917894999999999;50.7324554;DSP
2030;2000182;Northwich Witton St ;CW9_5DH_;-2.5122471;53.26231;DSP
2074;2000183;Brecon Bethal Square;LD3_7JP;-3.3898062;51.9483897;DSP
2105;2000184;Tredegar Gwent Shopping Centre;NP22_3EJ;-3.2429485;51.7758407;DSP
6028;2000185;East Kilbride The Plz ;G74_1LW;-4.1785957;55.7605556;DSP
616;2000188;Alexandria Main St ;G83_0NX_;-4.5808142;55.9875408;DSP
6478;2000189;Liverpool New Mersey Rp ;L24_8QB;-2.8747215;53.3522833;DSP
65;2000190;Rustington 6-7 Churchill Pde ;BN16_3DJ;-0.5069608999999999;50.8112243;DSP
165;2000191;Biggleswade Market Sq ;SG18_8AS_;-0.2636065;52.0864987;DSP
217;2000192;Birmingham Chelmsley Wood ;B37_5TL;-1.7394411;52.4797874;DSP
600;2000193;Glasgow 200 Sauchiehall St ;G2_3EN_;-4.2607485;55.8654636;DSP
622;2000194;Motherwell Brandon Pde South ;ML1_1RE;-3.9897161;55.7903723;DSP
644;2000195;Glasgow Silverburn Sc ;G53_6AG_;-4.3370112;55.8234152;DSP
650;2000196;Edinburgh 101-103 Princes St ;EH2_3AA_;-3.2005272;55.9518697;DSP
669;2000197;Dundee High St ;DD1_1UL_;-2.9697634;56.4608287;DSP
715;2000198;Basildon Town Sq ;SS14_1BA_;0.4587125;51.5709485;DSP
717;2000199;Ilford 177-185 High Rd ;IG1_1DG_;0.07465329999999999;51.5601114;DSP
720;2000200;London Wembley High Rd ;HA9_7BH_;-0.2947066;51.5535418;DSP
740;2000201;Hounslow High St ;TW3_1BL_;-0.3608248;51.4690154;DSP
746;2000202;London Brent Cross Sc ;NW4_3FB;-0.2209558;51.577504;DSP
781;2000204;London Swiss Cottage ;NW3_6JP;-0.1763985;51.54486499999999;DSP
798;2000205;Barnet High St ;EN5_5XP_;-0.2004613;51.6561768;DSP
846;2000207;Bexleyheath Broadway Sc ;DA6_7JJ;0.1472566;51.4560869;DSP
858;2000208;Sutton High St ;SM1_1JG_;-0.1932031;51.36357539999999;DSP
892;2000209;London Eltham ;SE9_1BW;0.0540126;51.4507731;DSP
940;2000210;Chatham Pentagon Ctr ;ME4_4BB;0.5271518000000001;51.3833376;DSP
953;2000211;Aldershot Wellington Ctr ;GU11_1DB;-0.7643723;51.2492321;DSP
1012;2000213;Alton 52 High St ;GU34_1ET_;-0.9762345;51.148601;DSP
1240;2000214;Prescot Eccleston St ;L34_5QJ_;-2.8031076;53.4294919;DSP
1356;2000215;Romford Market Pl ;RM1_3AB_;0.1834368;51.580455;DSP
1452;2000216;New Milton Station Rd ;BH25_6HY;-1.654384;50.7544011;DSP
1455;2000217;Dagenham Heathway The Mall ;RM10_8RE;0.1495486;51.5412847;DSP
1465;2000218;Burgess Hill Market Pl ;RH15_9NP;-0.1306069;50.9553656;DSP
1829;2000219;Frinton On Sea Connaught Ave ;CO13_9PW_;1.2467086;51.8311603;DSP
2014;2000220;Bicester Sheep St ;OX26_6JJ_;-1.1513124;51.8990829;DSP
2110;2000221;Milford Haven Havens Head;SA73_3AU;-5.0391464;51.7197371;DSP
6050;2000222;Kelso The Sq ;TD5_7HH_;-2.4339144;55.5985662;DSP
6052;2000223;Glasgow Braehead Ctr ;G51_4BP;-4.3630856;55.8771712;DSP
2028;2000224;Glasgow Cmbrnd Antonine Sc ;G67_1JW;-3.9869694;55.9478448;DSP
5067;2000225;London Walthamstow Selbn Wk ;E17_7JR_;-0.02211;51.5836714;DSP
6449;2000226;Aberdeen Garthdee Rd Rp ;AB10_7AY;-2.1198902;57.1220489;DSP
6450;2000227;Pboro Serpentine Green ;PE7_8BE;-0.2595444;52.5418163;DSP
6487;2000228;Kirkcaldy Fife Central Rp ;KY2_6QL;-3.1957062;56.13707849999999;DSP
682;2000230;Falkirk 79-91 High St ;FK1_1HB_;-3.784776;55.9994429;DSP
1302;2000231;Rawtenstall Bacup Rd Hc ;BB4_7PL;-2.2801957;53.70157769999999;DSP
1671;2000233;IOW Ryde Tower Hse ;PO33_1LP;-1.1531057;50.72793230000001;DSP
1206;2000234;Manchester Middleton Hc ;M24_4DZ;-2.2052534;53.5473663;DSP
1208;2000235;Frodsham The Princeway Hc ;WA6_6RX;-2.7255926;53.2940523;DSP
1269;2000236;Coventry Farren Rd ;CV2_5EP;-1.4569887;52.4175559;DSP
1283;2000237;Waltham Cross Goffs Oak ;EN7_5ET;-0.0845934;51.7103909;DSP
5291;2000239;Halesworth Market Pl ;IP19_8AY_;1.5018902;52.343867;DSP
5292;2000240;Faringdon Market Pl ;SN7_7HP_;-1.5834092;51.6583301;DSP
5296;2000241;Stalham High St ;NR12_9AS;1.5145944;52.7724054;DSP
1303;2000242;Nottm Bilboro Bracebridge ;NG8_4PN;-1.2302994;52.96446479999999;DSP
1401;2000243;Appleby in Westmorland ;CA16_6XF;-2.4890543;54.5776035;DSP
1417;2000244;Llandysul Lincoln Street;SA44_4BJ_;-4.308911999999999;52.0410541;DSP
1429;2000245;Nuneaton Camp Hill ;CV10_9FB;-1.5042182;52.5311564;DSP
1591;2000246;St Osyth Clacton Rd ;CO16_8PA;1.0798011;51.7998689;DSP
1599;2000247;Lpool Litherland Seaforth ;L21_3TX_;-3.0058896;53.465629;DSP
2201;2000248;Nuneaton St Nicholas Pk ;CV11_6DG_;-1.4448326;52.5368751;DSP
2207;2000249;Longtown English St ;CA6_5SD;-2.9711654;55.0083059;DSP
808;2000033;London Brixton Rd ;SW9_8HH_;-0.1146569;51.4622474;DSP
809;2000034;Epsom Ashley Ctr ;KT18_5DB_;-0.2678551;51.3326518;DSP
864;2000036;London Tooting ;SW17_9PB_;-0.1647879;51.4277052;DSP
912;2000040;Edgware Broadwalk Sc ;HA8_7BD;-0.2741947;51.6129908;DSP
928;2000041;Ashford High St ;TN24_8TB_;0.8728893999999999;51.1498812;DSP
936;2000042;Tonbridge High St ;TN9_1SG_;0.2737991;51.19291759999999;DSP
960;2000043;Redhill High Street;RH1_1RD;-0.1683457;51.2398876;DSP
978;2000044;Gillingham Hempstead Val Sc ;ME7_3PB;0.5736566;51.3425537;DSP
1248;2000061;Clitheroe Castle St ;BB7_2BT_;-2.3918206;53.87235219999999;DSP
1323;2000063;Bournemouth Beauford Rd Surg;BH6_5AJ;-1.8144626;50.728447;DSP
1331;2000068;Pboro Bretton Rightwell East ;PE3_8DT_;-0.2801649;52.5916161;DSP
1337;2000071;Stoke On T Bentilee Hc ;ST2_0EU;-2.1286212;53.0141225;DSP
1359;2000074;Leicester Syston ;LE7_2EQ;-1.0679407;52.7013086;DSP
1377;2000078;Corby Lakeside Surgery ;NN17_2UR;-0.7106062;52.49167;DSP
1801;2000087;Nottingham Arnold ;NG5_7EB;-1.1274266;53.0039794;DSP
1855;2000089;Daventry Bowen Sq ;NN11_4DR_;-1.1602962;52.2575768;DSP
368;2000021;Newport High St ;TF10_7AQ_;-2.3763882;52.7687014;DSP
519;2000024;Middlesbrough Cleveland Centre;TS1_2JZ;-1.2361721;54.57562160000001;DSP
577;2000026;Chichester 10-12 North Street;PO19_1LB;-0.7787294000000001;50.8373964;DSP
2001;2000090;Leighton Buzzard High St ;LU7_1DN;-0.6631642999999999;51.916519;DSP
6436;2000097;Colchester Tollgate Ctr ;CO3_8RG_;0.8354115999999999;51.8853771;DSP
6553;2000099;Chelmsford Chelmer Vil Rp ;CM2_6XE;0.4969081;51.7339058;DSP
5531;2000102;Melton Mowbray Hc ;LE13_1NX;-0.882334;52.76582519999999;DSP
64;2000103;Burton On Trent Coopers Sq ;DE14_1DG_;-1.6321752;52.80250969999999;DSP
1193;2000104;Darwen Market St ;BB3_1AZ_;-2.467689;53.6964753;DSP
38;2000105;Leicester Wigston Bell St ;LE18_1AD;-1.1033316;52.5862674;DSP
503;2000106;Burnley St James St ;BB11_1QL;-2.2411176;53.7897058;DSP
1173;2000107;Accrington Cornhill ;BB5_1EX;-2.3649848;53.7551134;DSP
71;2000108;Swadlincote High St ;DE11_8JE_;-1.555233;52.7744592;DSP
6;2000109;Nottingham Victoria Ctr ;NG1_3QS;-1.1463816;52.9556911;DSP
17;2000110;Nottingham Clifton ;NG11_8AA;-1.1767355;52.9039283;DSP
84;2000111;Northampton The Pde ;NN1_2BY_;-0.8961271000000001;52.2393595;DSP
107;2000112;Northampton Kingsthorpe ;NN2_7SJ_;-0.8989356;52.2647613;DSP
141;2000113;Ashby De La Zouch Market St ;LE65_1AL;-1.4722419;52.7467188;DSP
160;2000114;Rugeley Brook Sq ;WS15_2DT_;-1.9345512;52.75987;DSP
189;2000115;Leicester Beaumont Leys ;LE4_1DG_;-1.1658702;52.66616399999999;DSP
531;2000116;Bolton The Gates Sc ;BL1_1DF;-2.4272771;53.57935639999999;DSP
1115;2000117;Stockport Merseyway ;SK1_1PU;-2.1597193;53.4110603;DSP
1298;2000118;Birmingham High St ;B4_7TA;-1.8946978;52.4801774;DSP
176;2000119;Sudbury Market Hill ;CO10_2EA_;0.7315978;52.0392522;DSP
342;2000120;Blackwood Market Place;NP12_1AU_;-3.195625;51.6667846;DSP
175;2000121;Saffron Walden Market Pl ;CB10_1HR_;0.2419998;52.02423539999999;DSP
1386;2000122;Skegness Churchill Ave Hc ;PE25_2RN;0.332674;53.1542705;DSP
1467;2000123;Hailsham Vicarage Field ;BN27_1BG;0.260401;50.8640881;DSP
2023;2000124;Cwmbran The Mall;NP44_1PX_;-3.0206633;51.6530915;DSP
6002;2000125;Glenrothes Lyon Sq ;KY7_5NR_;-3.1697938;56.1967412;DSP
6408;2000126;Prestatyn Shopping Park;LL19_9BJ;-3.4024998;53.3372983;DSP
51;2000127;Swaffham Market Pl ;PE37_7LA;0.6877035;52.64950899999999;DSP
5410;2000362;Grantham St Peters Hill ;NG31_6QF;-0.6405881000000001;52.910688;DSP
5954;2000364;Cwmbran Commercial Street;NP44_3LR;-3.0235716;51.6490132;DSP
5382;2000365;Wymondham Medical Centre ;NR18_0NL;1.1218958;52.5723451;DSP
756;2000369;Hitchin High Street ;SG5_1BH;-0.278517;51.9484652;DSP
37;2000370;Grantham High Street ;NG31_6NE;-0.641474;52.9117997;DSP
258;2000372;Bromsgrove High St ;B61_8HD;-2.0596996;52.3352067;DSP
1299;2000374;Manchester Blackley ;M9_0RD;-2.2126921;53.5338967;DSP
5745;2001633;SOUTHAMPTON ;SO16_3BD;-1.3851931;50.9389569;DSP
5465;2001503;WIRRAL ;CH49_0UB;-3.098255;53.3841844;DSP
132;2000616;UXBRIDGE ;UB8_1GA;-0.4758329000000001;51.5460883;DSP
351;2000678;PLYMOUTH ;PL7_2ZN;-4.0514806;50.3878753;DSP
801;2000812;BARKING ;IG11_8EQ;0.0799231;51.5379144;DSP
356;2000683;SHERBORNE ;DT9_3BA;-2.514672;50.9479661;DSP
5599;2001575;FAIRFORD ;GL7_4AB;-1.7799388;51.708263;DSP
138;2000618;PETERBOROUGH ;PE1_1NW;-0.2424071;52.5739158;DSP
812;2000818;WELWYN GARDEN CITY ;AL8_6HA;-0.2031237;51.8018672;DSP
5763;2001643;READING ;RG6_5GA;-0.9310596999999999;51.42538279999999;DSP
2381;2000252;Barrow IF Risedale Rd ;LA13_9RD_;-3.2073414;54.1122139;DSP
5020;2000253;Shepperton High St ;TW17_9AJ_;-0.4487313000000001;51.39598849999999;DSP
5023;2000254;Ashford Church Rd ;TW15_2TS_;-0.461438;51.4334242;DSP
5073;2000255;Woking Goldsworth Pk Ctr ;GU21_3LG;-0.589477;51.3194351;DSP
5087;2000256;Upton Upon Severn High St ;WR8_0HB;-2.2172209;52.0641566;DSP
5259;2000259;Hamilton Mill Rd ;ML3_8AA_;-4.046284200000001;55.7621654;DSP
5279;2000260;Crickhowell Beaufort Street;NP8_1AD;-3.1363035;51.8588154;DSP
5288;2000261;Burnham On Crouch ;CM0_8BL_;0.8129794;51.63341;DSP
5185;2000262;Christchurch Bransgore ;BH23_8AB;-1.7352649;50.7818789;DSP
5195;2000263;Leicester 149 Uppingham Rd ;LE5_4BP_;-1.0938289;52.6422101;DSP
5224;2000264;Great Shelford Woolards Ln ;CB22_5LZ;0.1366347;52.1471314;DSP
5250;2000265;Motherwell Windmillhill St ;ML1_1TA_;-3.9838532;55.786282;DSP
5351;2000266;Harlow Bush Fair North Hs ;CM18_6PA;0.1130594;51.758135;DSP
5353;2000267;Tilbury St Chads Rd ;RM18_8LB;0.3645661;51.4624539;DSP
5361;2000268;Telford Shawbirch ;TF5_0LW_;-2.5309204;52.7185056;DSP
5376;2000269;Birmingham Chelmsley Wd Hc ;B37_5BU_;-1.7521562;52.481353;DSP
5386;2000270;Kilmarnock Grange St ;KA1_2DD_;-4.5012218;55.6087493;DSP
5413;2000271;Cowes Hc ;PO31_7ER;-1.2983396;50.7517682;DSP
5417;2000273;Formby Elbow Ln ;L37_4AB_;-3.061853600000001;53.5559828;DSP
5425;2000274;North Walsham Market Pl ;NR28_9BP;1.3866327;52.8216732;DSP
5440;2000276;Danbury Eves Corner ;CM3_4QF;0.5829074;51.7172695;DSP
5441;2000277;Great Baddow The Vineyards ;CM2_7QS;0.5011711;51.71805029999999;DSP
5471;2000279;Brandon High St ;IP27_0AQ_;0.6240806;52.4489947;DSP
5480;2000280;Nottingham Gregory Bvd ;NG7_5HY;-1.1711323;52.9648629;DSP
5488;2000281;Chelmsford Hatfield ;CM3_2HD;0.5949817;51.7758528;DSP
5506;2000282;Loddon High St ;NR14_6AH_;1.4822199;52.5340239;DSP
5520;2000283;Hitchin Queen St ;SG4_9TH_;-0.2734164;51.9490146;DSP
5523;2000285;Sileby Swan St ;LE12_7NW;-1.1059409;52.73327459999999;DSP
5530;2000286;Oakham Cold Overton Rd ;LE15_6NT_;-0.7360998999999999;52.67180639999999;DSP
5535;2000287;Stockingford Arbury Rd ;CV10_7NJ_;-1.4976581;52.5161525;DSP
5538;2000288;Dursley Cam ;GL11_5NU;-2.3621528;51.7005075;DSP
5566;2000289;Welwyn Moors Walk ;AL7_2BQ;-0.1715635;51.8019417;DSP
5595;2000290;Llandudno Penryhn Bay;LL30_3HA;-3.7740412;53.3167132;DSP
5611;2000291;Airdrie Southbridge ;ML6_6JQ;-3.9805856;55.86872349999999;DSP
5614;2000292;Christchurch Twynham Ave ;BH23_1QU_;-1.7816127;50.7375492;DSP
5631;2000294;Claygate Hare Ln ;KT10_0QX;-0.3456484;51.3624642;DSP
5645;2000296;Chelmsford Sunrise ;CM1_4JW_;0.46441;51.7479294;DSP
5668;2000297;Basildon Pitsea ;SS13_3DU;0.5053246;51.56638650000001;DSP
5689;2000300;Ashton In Makerfield Bryn ;WN4_0AR;-2.6451297;53.5012467;DSP
5695;2000301;Norwich Aylsham Rd ;NR3_2HW_;1.2862785;52.6444504;DSP
5712;2000303;East Kilbride Brouster ;G74_1LD;-4.176164600000001;55.76132149999999;DSP
5715;2000304;Glasg Cmbrnd Auch Dist Ctr ;G68_0EZ;-4.018913599999999;55.95621149999999;DSP
5741;2000305;Hampton Priory Rd ;TW12_2NT_;-0.3704219;51.4194012;DSP
5773;2000307;Liverpool Maghull ;L31_2PQ_;-2.9423717;53.5160202;DSP
5798;2000308;Woodhall Spa ;LN10_6ST_;-0.2119437;53.1532035;DSP
5807;2000309;Leyland Hough Ln ;PR25_2SA_;-2.6919441;53.69607430000001;DSP
5818;2000311;London Morden Hall Hc ;SW19_3DA;-0.1885281;51.4054685;DSP
5877;2000313;Dunoon 182 Argyll St ;PA23_7HA_;-4.9268933;55.95122;DSP
5882;2000314;Sandwich Market St ;CT13_9DA_;1.3402857;51.2756658;DSP
5951;2000315;Harleston Norfolk ;IP20_9AH_;1.2993972;52.4027166;DSP
5961;2000317;North Cheam Malden Rd ;SM3_8EP_;-0.2240857;51.3691333;DSP
5962;2000318;Pevensey Bay Eastbourne Rd ;BN24_6ET;0.3511409;50.8123801;DSP
5970;2000319;New Addington Central Pde ;CR0_0JB;-0.0151239;51.3426815;DSP
5974;2000320;Liverpool Whiston ;L35_3SX;-2.8000265;53.4160214;DSP
5981;2000321;Sawston High St ;CB22_3BG;0.1704044;52.1236478;DSP
5986;2000322;Stansted The Greens Bd ;CM24_8BZ_;0.1948288;51.9050299;DSP
6011;2000323;Hanworth Market Pde ;TW13_6AJ;-0.3872067;51.44083329999999;DSP
2162;2000324;Aberdeen Foresterhill Hc ;AB25_2UZ;-2.1322644;57.1536646;DSP
6111;2000325;Knighton Wylcwm Place;LD7_1AE_;-3.0473197;52.3445064;DSP
6113;2000326;Shipston On Stour Sheep St ;CV36_4AF_;-1.6244367;52.064137;DSP
6132;2000327;Mold 32 High Street;CH7_1BH_;-3.1431074;53.1690433;DSP
6200;2000328;Solihull Olton ;B92_7QP;-1.7941283;52.4499711;DSP
6221;2000329;Great Harwood Queens St ;BB6_7QQ;-2.4054394;53.7862851;DSP
6258;2000330;Sawtry High St ;PE28_5SU;-0.2841366;52.4409615;DSP
6260;2001829;MALMESBURY ;SN16_0EQ;null;null;DSP
5186;2001367;LYMINGTON ;SO41_9GJ;-1.5466252;50.7605733;DSP
1027;2000919;BASINGSTOKE ;RG22_6ER;-1.1126488;51.25705110000001;DSP
5189;2001369;ROCHESTER ;ME1_2TH;0.5033669;51.3812522;DSP
5994;2001766;ANDOVER ;SP10_3JY;-1.4925683;51.2143644;DSP
23;2000353;Derby Intu Shopping Centre ;DE1_2AH;-1.4729929;52.92040739999999;DSP
1834;2000356;London Kentish Town Road ;NW5_2AE;-0.1403218;51.5477499;DSP
215;2000357;Birmingham Harborne ;B17_9NR;-1.9464347;52.4602063;DSP
5889;2000358;Hemel Hemp Stoneycroft ;HP1_2QF;-0.4920167999999999;51.7566132;DSP
1194;2000984;NEWTON-LE-WILLOWS ;WA12_9AN;-2.6404228;53.4524461;DSP
564;2000751;WETHERBY ;LS22_6FL;-1.3824881;53.9296067;DSP
1215;2000993;WIGAN ;WN4_9AN;-2.6352278;53.486656;DSP
5202;2001376;PETERBOROUGH ;PE6_7UP;-0.1867183;52.6094;DSP
5903;2001711;GRIMSBY ;DN31_1QZ;-0.0897424;53.5639883;DSP
1049;2000928;WATFORD ;WD24_5BQ;-0.3964784;51.6715933;DSP
149;2000620;LONDON ;E6_2HT;0.0524541;51.5372378;DSP
1143;2000336;Oldham Town Sq Sc ;OL1_1XD;-2.1131606;53.5420795;DSP
1200;2000338;Manchester Market Street ;M1_1PL;-2.2424975;53.4830654;DSP
199;2000350;Colchester Lion Walk ;CO1_1LX;0.9011615;51.8886832;DSP
1414;2001061;BANSTEAD ;SM7_2NL;-0.2002532;51.3232872;DSP
1537;2001123;GILLINGHAM ;ME8_7HW;0.6086444;51.3647248;DSP
1060;2000931;GREENHITHE ;DA9_9SJ;0.2726943;51.4382393;DSP
6077;2001779;CAMBERLEY ;GU16_6LD;-0.7276201999999999;51.3036393;DSP
5486;2001514;WITHAM ;CM8_1NE;0.6259298999999999;51.8054715;DSP
595;2000759;DRIFFIELD ;YO25_6PS;-0.4364656;54.0037904;DSP
1815;2000551;CHELMSFORD ;CM1_1DD;0.4734426;51.7337443;DSP
5336;2001441;REDRUTH ;TR16_4SS;-5.2642187;50.2467277;DSP
5344;2001447;DERBY ;DE74_2ED;-1.2776012;52.8364012;DSP
1565;2001132;LEEDS ;LS26_8SZ;-1.4486184;53.7531153;DSP
1590;2001137;MORECAMBE ;LA4_4UZ;-2.8544416;54.0612234;DSP
5673;2001608;CANVEY ISLAND ;SS8_0JA;0.5912075999999999;51.5205408;DSP
966;2000893;HOVE ;BN3_5TD;-0.2056478;50.8354204;DSP
6227;2001807;COLCHESTER ;CO3_4PG;0.8691177999999999;51.8777213;DSP
1917;2001201;GRANTHAM ;NG31_6HR;-0.6379163;52.9068873;DSP
1918;2001202;NOTTINGHAM ;NG6_8AQ;-1.1924556;53.0076786;DSP
411;2000699;OKEHAMPTON ;EX20_1HB;-4.001941599999999;50.7393527;DSP
433;2000706;WARMINSTER ;BA12_9AZ;-2.1786818;51.2049452;DSP
40;2000384;MARKET RASEN ;LN8_3EH;-0.3357523;53.3878762;DSP
45;2000385;BARNSLEY ;S70_1RT;-1.4790512;53.5519439;DSP
479;2000719;WOKINGHAM ;RG40_1AT;-0.8324906;51.4111144;DSP
850;2000842;RICHMOND ;TW9_1HF;-0.3049499;51.4607235;DSP
2353;2001285;SOUTH PETHERTON ;TA13_5BT;-2.8089821;50.9492256;DSP
735;2000781;LONDON ;NW1_7JY;-0.1421738;51.5389316;DSP
862;2000846;WELLINGTON ;TA21_8BD;-3.2325012;50.9759976;DSP
5534;2001541;LICHFIELD ;WS13_7FA;-1.8364463;52.6974059;DSP
5921;2001724;MABLETHORPE ;LN12_1AF;0.2618408;53.34179140000001;DSP
931;2000876;UXBRIDGE ;UB8_1JZ;-0.4777583999999999;51.5464788;DSP
5927;2001729;LINCOLN ;LN7_6TJ;-0.3149956;53.4972285;DSP
947;2000882;FILEY ;YO14_0JR;-0.3211258;54.1808822;DSP
5394;2001469;MAIDSTONE ;ME15_6SA;0.5226307;51.2686205;DSP
6110;2001785;LYDNEY ;GL15_6JS;-2.5724234;51.7529228;DSP
172;2000630;DEREHAM ;NR19_2AP;0.9413371;52.68237490000001;DSP
1087;2000943;ORPINGTON ;BR6_0LS;0.09976929999999999;51.3766769;DSP
5162;2001354;HIGH PEAK ;SK22_4BP;-1.997099;53.3682504;DSP
196;2000638;WITHAM ;CM8_2AR;0.6411842999999999;51.8005861;DSP
6128;2001798;LISS ;GU33_7RL;-0.8918830999999999;51.0429156;DSP
5249;2001393;WARMINSTER ;BA12_9AA;-2.1781099;51.2073584;DSP
5511;2001529;PEWSEY ;SN9_5AQ;-1.7614137;51.3405172;DSP
6437;2001862;PRESCOT ;L34_5NQ;-2.7994478;53.4273014;DSP
6446;2001866;NORTHAMPTON ;NN5_5DG;-0.9322997999999999;52.2408292;DSP
5180;2001364;WATERLOOVILLE ;PO7_6NU;-1.0644854;50.9046987;DSP
1305;2001023;HULL ;HU6_9BX;-0.3737978;53.7880085;DSP
1437;2001071;LONDON ;E11_2AE;0.0269263;51.5785937;DSP
5628;2001589;SWINDON ;SN6_6AA;-1.8553395;51.6418359;DSP
5637;2001594;MIDDLESBROUGH ;TS1_3QY;-1.2383408;54.5668184;DSP
1475;2001088;STANFORD-LE-HOPE ;SS17_7NA;0.4489633;51.5250101;DSP
1152;2000524;SOUTHPORT ;PR8_1AH;-3.0036584;53.6477276;DSP
761;2000791;ROYSTON ;SG8_9AG;-0.02344;52.0476586;DSP
2020;2001232;RUNCORN ;WA7_2GX;-2.696288;53.3281692;DSP
5560;2001554;BODMIN ;PL31_2JL;-4.7197488;50.4718375;DSP
5290;2001414;NESTON ;CH64_9TY;-3.0641937;53.2906816;DSP
5305;2001419;LOUTH ;LN11_9AA;-0.0008816000000000001;53.36760659999999;DSP
5311;2001421;BARROW IN FURNESS ;LA14_1JB;-3.2247636;54.111754;DSP
5016;2001305;BILLINGHAM ;TS23_2ND;-1.2919662;54.6079324;DSP
30;2000580;NEWPORT PAGNELL ;MK16_8PY;-0.7245497;52.0866649;DSP
44;2000586;DURHAM ;DH1_4SH;-1.5793801;54.7768718;DSP
5153;2001351;BARNSTAPLE ;EX31_3BG;-4.1244304;51.0719617;DSP
5941;2001739;MABLETHORPE ;LN12_2DR;0.2611015;53.34044189999999;DSP
5003;2001295;FELTHAM ;TW13_4BH;-0.4101744;51.44640949999999;DSP
5814;2001673;NORWICH ;NR3_4LE;1.3003862;52.64403739999999;DSP
242;2000652;THAME ;OX9_2BU;-0.9785796000000001;51.7479398;DSP
243;2000653;BRISTOL ;BS1_3EA;-2.5890595;51.4576952;DSP
987;2000900;DOVER ;CT16_1BH;1.3117134;51.12764010000001;DSP
249;2000658;BANBURY ;OX16_5UH;-1.3344175;52.0630445;DSP
997;2000903;EDENBRIDGE ;TN8_5AD;0.0655486;51.1977588;DSP
263;2000660;BARNSTAPLE ;EX31_3NL;-4.0772792;51.0680342;DSP
5845;2001691;MIDDLESBROUGH ;TS8_0TJ;-1.2146104;54.5253795;DSP
5851;2001695;EXETER ;EX4_1HW;-3.5438697;50.7148499;DSP
1018;2000916;ANDOVER ;SP10_1LT;-1.4795396;51.2086512;DSP
330;2000673;OXFORD ;OX1_3HL;-1.257462;51.7528008;DSP
5367;2001459;SOMERTON ;TA11_7PR;-2.7304017;51.0544275;DSP
1123;2000960;SALE ;M33_7XZ;-2.32161;53.424924;DSP
1140;2000969;BURY ;BL9_0QQ;-2.2947476;53.5928856;DSP
1151;2000973;RUNCORN ;WA7_2ST;-2.6911414;53.3394045;DSP
5774;2001997;Holywell High Street;CH8_7TF;-3.2202345;53.2735285;DSP
5952;2001745;SOUTHAMPTON ;SO32_1AB;-1.2117687;50.9547596;DSP
1279;2000537;WORKINGTON ;CA14_2AB;-3.5461187;54.6443185;DSP
5973;2001755;WEST MALLING ;ME19_6NA;0.4104018;51.2942597;DSP
1374;2001041;STANLEY ;DH9_8AD;-1.7004206;54.8720967;DSP
1488;2000544;SALISBURY ;SP1_2NG;-1.7961691;51.0686727;DSP
1523;2000545;CANTERBURY ;CT1_2TF;1.0812887;51.2772753;DSP
5880;2001698;BURNLEY ;BB11_3ND;-2.2354981;53.78449750000001;DSP
5420;2001480;CAMBERLEY ;GU15_2NN;-0.7443456;51.3343424;DSP
5424;2001482;HORNCASTLE ;LN9_6AL;-0.1055218;53.20940969999999;DSP
1498;2001102;HORNCHURCH ;RM12_4UH;0.218544;51.5628094;DSP
5443;2001491;BASILDON ;SS15_5HL;0.4424297;51.5737282;DSP
5445;2001493;LONDON ;E1_0LB;-0.0490576;51.5137943;DSP
5454;2001497;SALISBURY ;SP3_6LD;-2.0804953;51.0642238;DSP
1199;2000988;LIVERPOOL ;L11_1BY;-2.9279909;53.4419771;DSP
495;2000725;BRACKLEY ;NN13_7DP;-1.1491966;52.02733809999999;DSP
500;2000727;LEEDS ;LS1_5EY;-1.54559;53.7976176;DSP
1678;2001170;KINGS LYNN ;PE30_5QX;0.4072233;52.7479428;DSP
527;2000736;THIRSK ;YO7_1LB;-1.3431469;54.2323913;DSP
6493;2001890;NEWBURY ;RG14_7HU;-1.3167177;51.3860948;DSP
6494;2001891;LINCOLN ;LN2_4WA;-0.5076333;53.2418585;DSP
5027;2001310;UXBRIDGE ;UB9_5ET;-0.4983222;51.5803817;DSP
1998;2002101;Newbury Retail Pk;RG14_7HU;-1.3167177;51.3860948;DSP
2129;2002102;Fazakerley Landford Ave Liverpool;L9_6BR;-2.9262163;53.4550499;DSP
2167;2002099;Boots Online Prescription Service;LE1_1DD;-1.1308735;52.6355473;DSP
6706;2002110;Galashiels Gala Water Retail Park;TD1_3AP;-2.8010311;55.6147594;DSP
5813;2002106;Norwich Magdalen Medical Practice;NR3_4LF;1.2995159;52.643677;DSP
5844;2002108;Dersingham Jubilee Court;PE31_6HH;0.50352;52.84664040000001;DSP
5578;2002103;Whittlesey New Queen Street;PE7_1AT;-0.1272514;52.5584803;DSP
5709;2002105;Livingston Mall;EH54_5ED;-3.494482;55.8978446;DSP
229;2002100;Holbeach High Street;PE12_7DY;0.0165398;52.8041503;DSP
5821;2002107;Glenrothes Cos Lane;KY7_4AQ;-3.1573531;56.1909447;DSP
6598;2002109;Elgin Springfield Retail Park;IV30_6WQ;-3.3070523;57.64175760000001;DSP
5643;2002104;Newbury Bartholomew Street;RG14_5EF;-1.3258083;51.39764779999999;DSP
6523;2001906;BOURNEMOUTH ;BH8_9UB;-1.8374115;50.7534762;DSP
5184;2001366;WINCHESTER ;SO22_6EL;-1.3363995;51.0747115;DSP
280;2002011;Swansea The Quadrant Centre;SA1_3AD;-3.9438388;51.6188192;DSP
